Source File	Size	loadResources	load	generateSnapshots	load-configure	scan	loadDepInfo	loadInfo	checkR4R4B	generateNarratives	validate	loadLists	checkConformanceResources	checkConformanceResources2	checkConformanceResources3	generateLogicalMaps	validateExpressions	scanForUsageStats	checkURLsUnique	processProvenanceDetails	translate	generate1	generate2	generateLogicals	makeDependencies	generateExampleZip	generateValidationPack	scanProfilesForR5	scanExamplesForR5
/fsh-generated/resources/ImplementationGuide-et.fhir.core.json	63498	-	0	0	0	0	0	0	24	72	0	0	0	0	0	0	0	2	0	0	0	292	330	0	0	0	15	0	2
fsh-generated/resources/CodeSystem-chlamydia-trachomatis-test-type-cs.json	767	3	0	0	1	0	1	0	0	6	0	0	1	0	0	0	0	0	0	0	0	17	81	0	0	0	0	0	1
fsh-generated/resources/CodeSystem-community-entry-point-cs.json	826	1	0	0	0	0	0	0	0	2	0	0	0	0	0	0	0	0	0	0	0	16	69	0	0	0	0	0	0
fsh-generated/resources/CodeSystem-counselling-provided-cs.json	1015	1	0	0	0	0	0	0	1	2	0	0	0	0	0	0	0	0	0	0	0	17	60	0	0	0	1	0	0
fsh-generated/resources/CodeSystem-education-status-cs.json	814	1	0	0	0	0	0	0	0	2	0	0	0	0	0	0	0	0	0	0	0	13	49	0	0	0	0	0	0
fsh-generated/resources/CodeSystem-et-observation-code-cs.json	1549	1	0	0	0	0	0	0	0	2	0	0	0	0	0	0	0	1	0	0	0	15	47	0	0	0	0	0	0
fsh-generated/resources/CodeSystem-ethiopian-states.json	1286	1	0	0	0	0	0	0	1	3	0	0	0	0	0	0	0	0	0	0	0	14	46	0	0	0	0	0	0
fsh-generated/resources/CodeSystem-exposure-source-cs.json	862	0	0	0	0	0	0	0	0	3	0	0	0	0	0	0	0	0	0	0	0	14	44	0	0	0	1	0	0
fsh-generated/resources/CodeSystem-facility-entry-point-cs.json	1074	1	0	0	0	0	0	0	0	2	0	0	0	0	0	0	0	0	0	0	0	12	47	0	0	0	0	0	0
fsh-generated/resources/CodeSystem-follow-up-type-cs.json	456	0	0	0	0	0	0	0	0	2	0	0	0	0	0	0	0	0	0	0	0	11	38	0	0	0	0	0	0
fsh-generated/resources/CodeSystem-gonorrhoea-specimen-type-cs.json	723	1	0	0	0	0	0	0	1	2	0	0	0	0	0	0	0	0	0	0	0	11	38	0	0	0	0	0	0
fsh-generated/resources/CodeSystem-gonorrhoea-test-result-cs.json	484	1	0	0	0	0	0	0	0	2	0	0	0	0	0	0	0	0	0	0	0	11	37	0	0	0	0	0	0
fsh-generated/resources/CodeSystem-hiv-adherence-cs.json	1336	0	0	0	0	0	0	0	0	3	0	0	0	0	0	0	0	0	0	0	0	14	40	0	0	0	2	0	0
fsh-generated/resources/CodeSystem-hiv-assay-number-cs.json	726	1	0	0	1	0	0	0	0	2	0	0	0	0	0	0	0	0	0	0	0	12	37	0	0	0	0	0	0
fsh-generated/resources/CodeSystem-hiv-assay-result-cs.json	578	0	0	0	0	0	0	0	1	2	0	0	0	0	0	0	0	0	0	0	0	11	36	0	0	0	0	0	0
fsh-generated/resources/CodeSystem-hiv-condition-cs.json	2257	1	0	0	0	0	0	0	0	4	0	0	0	0	0	0	0	0	0	0	0	17	43	0	0	0	1	0	0
fsh-generated/resources/CodeSystem-hiv-exposure-ways-cs.json	774	1	0	0	0	0	0	0	0	2	0	0	0	0	0	0	0	0	0	0	0	12	39	0	0	0	0	0	0
fsh-generated/resources/CodeSystem-hiv-prevention-services-cs.json	1487	1	0	0	0	0	0	0	1	8	0	0	0	0	0	0	0	0	0	0	0	15	38	0	0	0	1	0	0
fsh-generated/resources/CodeSystem-hiv-self-test-result-cs.json	483	1	0	0	0	0	0	0	0	2	0	0	0	0	0	0	0	0	0	0	0	10	34	0	0	0	0	0	0
fsh-generated/resources/CodeSystem-hiv-serotype-cs.json	477	0	0	0	0	0	0	0	0	2	0	0	0	0	0	0	0	0	0	0	0	10	35	0	0	0	0	0	0
fsh-generated/resources/CodeSystem-hiv-status-cs.json	479	1	0	0	0	0	0	0	0	2	0	0	0	0	0	0	0	0	0	0	0	11	33	0	0	0	0	0	0
fsh-generated/resources/CodeSystem-hiv-test-result-cs.json	507	1	0	0	0	0	0	0	0	1	0	0	0	0	0	0	0	0	0	0	0	10	32	0	0	0	0	0	0
fsh-generated/resources/CodeSystem-hiv-test-type-cs.json	753	0	0	0	0	0	0	0	1	2	0	0	0	0	0	0	0	0	0	0	0	11	29	0	0	0	0	0	0
fsh-generated/resources/CodeSystem-hiv-testing-entry-point-cs.json	616	1	0	0	0	0	0	0	0	2	0	0	0	0	0	0	0	0	0	0	0	12	30	0	0	0	1	0	0
fsh-generated/resources/CodeSystem-hiv-testing-reason-cs.json	906	1	0	0	0	0	0	0	0	2	0	0	0	0	0	0	0	0	0	0	0	12	28	0	0	0	0	0	0
fsh-generated/resources/CodeSystem-hiv-transmission-route-cs.json	669	1	0	0	0	0	0	0	0	2	0	0	0	0	1	0	0	0	0	0	0	12	27	0	0	0	0	0	0
fsh-generated/resources/CodeSystem-hsv-test-type-cs.json	602	1	0	0	0	0	0	0	1	2	0	0	0	0	0	0	0	1	0	0	0	12	32	0	0	0	0	0	0
fsh-generated/resources/CodeSystem-hts-service-cs.json	784	1	0	0	0	0	0	0	0	2	0	0	0	0	0	0	0	0	0	0	0	11	29	0	0	0	0	0	0
fsh-generated/resources/CodeSystem-ipv-enquiry-result-cs.json	745	1	0	0	0	0	0	0	0	1	0	0	0	0	0	0	0	0	0	0	0	12	29	0	0	0	0	0	0
fsh-generated/resources/CodeSystem-key-population-type-cs.json	975	1	0	0	0	0	0	0	0	3	0	0	0	0	0	0	0	0	0	0	0	13	30	0	0	0	1	0	0
fsh-generated/resources/CodeSystem-mycoplasma-genitalium-test-type-cs.json	574	1	0	0	0	0	0	0	0	1	0	0	0	0	0	0	0	0	0	0	0	10	30	0	0	0	0	0	0
fsh-generated/resources/CodeSystem-neisseria-gonorrhoeae-test-type-cs.json	913	1	0	0	0	0	0	0	0	2	0	0	0	0	0	0	0	0	0	0	0	13	31	0	0	0	0	0	0
fsh-generated/resources/CodeSystem-observation-component-specify-cs.json	840	1	0	0	0	0	0	0	0	2	0	0	0	0	0	0	0	0	0	0	0	12	35	0	0	0	0	0	0
fsh-generated/resources/CodeSystem-occupation-cs.json	605	0	0	0	1	0	0	0	1	2	0	0	0	0	0	0	0	0	0	0	0	10	27	0	0	0	0	0	0
fsh-generated/resources/CodeSystem-other-clinical-services-cs.json	1193	1	0	0	0	0	0	0	0	2	0	0	0	0	0	0	0	0	0	0	0	13	28	0	0	0	0	0	0
fsh-generated/resources/CodeSystem-other-support-services-cs.json	928	1	0	0	0	0	0	0	0	2	0	0	0	0	0	0	0	0	0	0	0	12	28	0	0	0	1	0	0
fsh-generated/resources/CodeSystem-partner-contact-type-cs.json	881	1	0	0	0	0	0	0	0	2	0	0	0	0	0	0	0	0	0	0	0	12	28	0	0	0	0	0	0
fsh-generated/resources/CodeSystem-partner-hiv-status-cs.json	541	1	0	0	0	0	0	0	0	1	0	0	0	0	0	0	0	0	0	0	0	11	29	0	0	0	0	0	0
fsh-generated/resources/CodeSystem-partner-risk-category-cs.json	660	1	0	0	0	0	0	0	0	2	0	0	0	0	0	0	0	0	0	0	0	11	29	0	0	0	0	0	0
fsh-generated/resources/CodeSystem-partner-services-referral-cs.json	710	1	0	0	0	0	0	0	0	2	0	0	0	0	0	0	0	0	0	0	0	13	26	0	0	0	0	0	0
fsh-generated/resources/CodeSystem-prefered-contact-cs.json	579	0	0	0	0	0	0	0	0	1	0	0	0	0	0	0	0	0	0	0	0	15	29	0	0	0	0	0	0
fsh-generated/resources/CodeSystem-prep-dosing-type-cs.json	485	1	0	0	0	0	0	0	0	2	0	0	0	0	0	0	0	0	0	0	0	14	24	0	0	0	0	0	0
fsh-generated/resources/CodeSystem-prep-visit-interval-cs.json	564	1	0	0	0	0	0	0	1	2	0	0	0	0	0	0	0	0	0	0	0	13	28	0	0	0	1	0	0
fsh-generated/resources/CodeSystem-prep-visit-reason-cs.json	890	1	0	0	0	0	0	0	0	1	0	0	0	0	0	0	0	0	0	0	0	15	99	0	0	0	0	0	0
fsh-generated/resources/CodeSystem-srh-integrated-services-cs.json	959	1	0	0	0	0	0	0	0	2	0	0	0	0	0	0	0	0	0	0	0	16	26	0	0	0	0	0	0
fsh-generated/resources/CodeSystem-sti-result-cs.json	569	1	0	0	0	0	0	0	0	2	0	0	0	0	0	0	0	0	0	0	0	14	24	0	0	0	0	0	0
fsh-generated/resources/CodeSystem-sti-syndrome-cs.json	1039	1	0	0	0	0	0	0	0	2	0	0	0	0	0	0	0	0	0	0	0	16	25	0	0	0	0	0	0
fsh-generated/resources/CodeSystem-sti-test-type-cs.json	966	0	0	0	0	0	0	0	0	2	0	0	0	0	0	0	0	0	0	0	0	17	27	0	0	0	1	0	0
fsh-generated/resources/CodeSystem-syphilis-confirmatory-test-type-cs.json	785	1	0	0	0	0	0	0	0	1	0	0	0	0	0	0	0	0	0	0	0	14	31	0	0	0	0	0	0
fsh-generated/resources/CodeSystem-syphilis-test-result-cs.json	551	1	0	0	0	0	0	0	1	2	0	0	0	0	0	0	0	0	0	0	0	16	22	0	0	0	0	0	0
fsh-generated/resources/CodeSystem-syphilis-test-type-cs.json	727	1	0	0	0	0	0	0	0	2	0	0	0	0	0	0	0	1	0	0	0	14	25	0	0	0	0	0	0
fsh-generated/resources/CodeSystem-trichomonas-vaginalis-test-type-cs.json	718	1	0	0	0	0	0	0	0	2	0	0	0	0	0	0	0	0	0	0	0	15	31	0	0	0	0	0	0
fsh-generated/resources/CodeSystem-vmmc-adverse-event-severity-cs.json	499	1	0	0	0	0	0	0	0	1	0	0	0	0	0	0	0	0	0	0	0	14	28	0	0	0	0	0	0
fsh-generated/resources/CodeSystem-vmmc-adverse-event-timing-cs.json	509	0	0	0	0	0	0	0	0	2	0	0	0	0	0	0	0	0	0	0	0	14	27	0	0	0	1	0	0
fsh-generated/resources/Observation-ExampleChlamydiaTrachomatisTestType.json	1125	2	0	0	0	0	0	0	0	70	0	0	0	0	0	0	0	0	0	0	0	11	17	0	0	1	0	0	0
fsh-generated/resources/Observation-ExampleHSVTestType.json	810	1	0	0	0	0	0	0	0	7	0	0	0	0	0	0	0	0	0	0	0	11	12	0	0	0	0	0	0
fsh-generated/resources/Observation-ExampleMycoplasmaGenitaliumTestType.json	1130	1	0	0	0	0	0	0	0	4	0	0	0	0	0	0	0	0	0	0	0	15	81	0	0	0	0	0	0
fsh-generated/resources/Observation-ExampleNeisseriaGonorrhoeaeTestType.json	1109	1	0	0	0	0	0	0	0	3	0	0	0	0	0	0	0	0	0	0	0	12	8	0	0	0	0	0	0
fsh-generated/resources/Observation-ExampleSyphilisTestType.json	797	1	0	0	0	0	0	0	0	4	0	0	0	0	0	0	0	0	0	0	0	10	8	0	0	0	0	0	0
fsh-generated/resources/Observation-ExampleTrichomonasVaginalisTestType.json	1131	1	0	0	0	0	0	0	1	3	0	0	0	0	0	0	0	0	0	0	0	11	8	0	0	0	0	0	0
fsh-generated/resources/Patient-ETpatientEx.json	2523	2	0	0	0	0	0	0	0	498	0	0	0	0	0	0	0	0	0	0	0	43	24	0	0	0	0	0	0
fsh-generated/resources/StructureDefinition-ETPatient.json	9139	3	0	112	1	0	0	0	0	131	0	0	1	0	0	0	0	2	0	0	0	475	1951	0	1	0	13	0	2
fsh-generated/resources/StructureDefinition-FPFollowUpMsgConsent.json	1448	1	0	7	0	0	0	0	0	8	0	0	0	0	0	0	0	0	0	0	0	48	249	0	0	0	1	0	0
fsh-generated/resources/StructureDefinition-HIVPatient.json	3123	2	0	50	0	0	0	0	0	48	0	0	0	0	0	0	0	3	0	0	0	382	812	0	0	0	12	0	1
fsh-generated/resources/StructureDefinition-address-kebele.json	1259	1	0	4	0	0	0	0	0	5	0	0	0	0	0	0	0	0	0	0	0	34	161	0	0	0	2	0	0
fsh-generated/resources/StructureDefinition-address-ketenagott.json	1321	1	0	2	0	0	0	0	0	5	0	0	0	0	0	0	0	0	0	0	0	34	136	0	0	0	0	0	0
fsh-generated/resources/StructureDefinition-address-zone.json	1231	0	0	2	0	0	0	0	0	5	0	0	0	0	0	0	0	0	0	0	0	34	137	0	0	0	1	0	0
fsh-generated/resources/StructureDefinition-adolescent-girl-indicator.json	2428	1	0	29	0	0	0	0	0	20	0	0	0	0	0	0	0	1	0	0	0	194	839	0	0	0	6	0	0
fsh-generated/resources/StructureDefinition-art-start-date.json	2094	1	0	19	0	0	0	0	0	9	0	0	0	0	1	0	0	1	0	0	0	118	316	0	0	0	4	0	1
fsh-generated/resources/StructureDefinition-cachment-area.json	1275	0	0	4	0	0	0	0	0	5	0	0	0	0	0	0	0	0	0	0	0	35	171	0	0	0	1	1	0
fsh-generated/resources/StructureDefinition-chlamydia-trachomatis-test-type-observation.json	3629	1	0	29	0	0	0	0	1	29	0	0	0	0	0	0	0	1	0	0	0	269	674	0	0	0	8	0	0
fsh-generated/resources/StructureDefinition-community-entry-point.json	1293	0	0	6	0	0	0	0	0	4	0	0	0	0	0	0	0	0	0	0	0	35	168	0	0	0	1	0	1
fsh-generated/resources/StructureDefinition-confirmatory-sti-test-result-observation.json	6320	2	0	37	0	0	0	0	0	29	0	0	1	0	0	0	0	2	0	0	0	354	663	0	0	0	9	0	0
fsh-generated/resources/StructureDefinition-confirmatory-syphilis-test-observation.json	4977	2	0	27	0	0	0	0	0	19	0	0	0	0	0	0	0	1	0	0	0	299	506	0	0	0	9	0	1
fsh-generated/resources/StructureDefinition-confirmed-site.json	1089	1	0	6	0	0	0	0	0	4	0	0	0	0	0	0	0	0	0	0	0	35	114	0	0	0	1	0	0
fsh-generated/resources/StructureDefinition-consent-to-be-contacted.json	1383	1	0	2	0	0	0	0	0	4	0	0	0	0	0	0	0	0	0	0	0	34	117	0	0	0	1	0	0
fsh-generated/resources/StructureDefinition-counselling-provided.json	1809	1	0	17	0	0	0	0	0	10	0	0	0	0	0	0	0	1	0	0	0	185	279	0	0	0	6	0	1
fsh-generated/resources/StructureDefinition-created-date.json	1334	1	0	5	0	0	0	0	0	4	0	0	0	0	0	0	0	0	0	0	0	35	112	0	0	0	1	0	0
fsh-generated/resources/StructureDefinition-currently-on-prep.json	1189	1	0	17	0	0	0	0	0	10	0	0	0	0	0	0	0	1	0	0	0	174	306	0	0	0	6	0	0
fsh-generated/resources/StructureDefinition-dob-estimated.json	1303	1	0	3	0	0	0	0	0	5	0	0	0	0	0	0	0	1	0	0	0	36	110	0	0	0	1	0	0
fsh-generated/resources/StructureDefinition-education-status-extension.json	1750	1	0	2	0	0	0	0	0	8	0	0	0	0	0	0	0	0	0	0	0	40	112	0	0	0	1	0	0
fsh-generated/resources/StructureDefinition-ethiopian-mfr-location.json	6663	3	0	25	0	0	0	0	0	762	0	0	0	0	0	0	0	1	0	0	0	248	314	0	0	0	6	0	1
fsh-generated/resources/StructureDefinition-ethiopian-mfr-organization-affiliation.json	2769	1	0	9	0	0	0	0	0	217	0	0	0	0	0	0	0	0	0	0	0	94	268	0	0	0	3	0	0
fsh-generated/resources/StructureDefinition-ethiopian-mfr-organization.json	4814	3	0	321	0	0	0	0	0	24	0	0	1	0	0	0	0	1	0	0	0	240	316	0	0	0	7	0	1
fsh-generated/resources/StructureDefinition-expected-delivery-date.json	2394	1	0	25	0	0	0	0	0	12	0	0	0	0	0	0	0	1	0	0	0	189	262	0	0	0	6	1	0
fsh-generated/resources/StructureDefinition-exposure-source-observation.json	1768	1	0	26	0	0	0	0	0	10	0	0	0	0	0	0	0	1	0	0	0	180	248	0	0	0	6	0	1
fsh-generated/resources/StructureDefinition-facility-entry-point.json	1286	0	0	8	0	0	0	0	0	4	0	0	0	0	0	0	0	0	0	0	0	35	111	0	0	0	1	0	0
fsh-generated/resources/StructureDefinition-follow-up-type-observation.json	5819	1	0	97	0	0	0	0	0	23	0	0	0	0	0	0	0	2	0	0	0	408	464	0	0	0	11	0	1
fsh-generated/resources/StructureDefinition-gestational-age-observation.json	2806	1	0	26	0	0	0	0	0	15	0	0	0	0	0	0	0	1	1	0	0	213	292	0	0	0	7	0	0
fsh-generated/resources/StructureDefinition-gonorrhoea-testing-observation.json	7082	2	0	54	0	0	0	0	0	37	0	0	0	0	0	0	0	2	0	0	0	464	568	0	0	0	12	0	1
fsh-generated/resources/StructureDefinition-grandfathers-family-name.json	1296	0	0	5	0	0	0	0	0	8	0	0	0	0	0	0	0	1	0	0	0	36	103	0	0	0	1	0	0
fsh-generated/resources/StructureDefinition-hiv-adherence.json	970	1	0	22	0	0	0	0	1	14	0	0	1	0	0	0	0	0	0	0	0	161	246	0	0	0	5	0	1
fsh-generated/resources/StructureDefinition-hiv-art-medication-request.json	987	0	0	22	0	0	0	0	0	15	0	0	0	0	0	0	0	1	0	0	0	167	250	0	0	0	5	0	0
fsh-generated/resources/StructureDefinition-hiv-assay-number-observation.json	1681	1	0	22	0	0	0	0	0	13	0	0	0	0	0	0	0	1	0	0	0	178	247	0	0	0	6	0	1
fsh-generated/resources/StructureDefinition-hiv-careplan.json	704	0	0	22	1	0	0	0	0	9	1	0	0	0	0	0	0	1	0	0	0	155	279	0	0	0	5	1	0
fsh-generated/resources/StructureDefinition-hiv-cd4.json	1675	1	0	23	0	0	0	0	0	12	0	0	0	0	0	0	0	1	0	0	0	208	281	0	0	0	6	0	1
fsh-generated/resources/StructureDefinition-hiv-client-informed-observation.json	1628	0	0	22	0	0	0	0	0	11	0	0	0	0	0	0	0	1	0	0	0	179	251	0	0	0	6	0	0
fsh-generated/resources/StructureDefinition-hiv-condition.json	1177	1	0	19	0	0	0	0	0	9	0	0	0	0	0	0	0	1	0	0	0	123	214	0	0	0	4	0	1
fsh-generated/resources/StructureDefinition-hiv-consent.json	521	1	0	22	0	0	0	0	0	9	0	0	0	0	0	1	0	1	0	0	0	142	227	0	0	0	4	0	0
fsh-generated/resources/StructureDefinition-hiv-diagnosis-date.json	1313	1	0	25	0	0	0	0	0	12	0	0	0	0	0	0	0	1	0	0	0	173	333	0	0	0	6	0	1
fsh-generated/resources/StructureDefinition-hiv-diagnosis-facility-observation.json	1531	0	0	24	0	0	0	0	0	10	0	0	0	0	1	0	0	0	0	0	0	177	251	0	1	0	6	0	0
fsh-generated/resources/StructureDefinition-hiv-encounter.json	729	1	0	24	0	0	0	0	0	11	0	0	1	0	0	0	0	1	0	0	0	176	268	0	0	0	5	0	1
fsh-generated/resources/StructureDefinition-hiv-exposure-datetime.json	1223	0	0	23	0	0	0	0	0	16	0	0	0	0	0	0	0	1	0	0	0	173	253	0	0	0	6	1	0
fsh-generated/resources/StructureDefinition-hiv-exposure-observation.json	1522	1	0	22	0	0	0	0	0	11	0	0	0	0	0	0	0	0	0	0	0	177	243	0	0	0	6	0	0
fsh-generated/resources/StructureDefinition-hiv-first-positive-test-date.json	1569	0	0	22	0	0	0	0	0	15	0	0	0	0	0	0	0	1	0	0	0	175	255	0	0	0	6	0	1
fsh-generated/resources/StructureDefinition-hiv-followup-appointment.json	537	1	0	14	0	0	0	0	0	12	0	0	0	0	0	0	0	0	0	0	0	105	181	0	0	0	4	0	0
fsh-generated/resources/StructureDefinition-hiv-hts-request.json	973	0	0	16	0	0	0	0	0	10	0	0	0	0	0	0	0	1	0	0	0	125	237	0	0	0	4	0	1
fsh-generated/resources/StructureDefinition-hiv-lab-report.json	759	1	0	14	0	0	0	0	0	7	0	0	0	0	0	0	0	0	0	0	0	98	174	0	0	0	3	0	0
fsh-generated/resources/StructureDefinition-hiv-library.json	483	0	0	14	0	0	0	0	0	6	0	0	0	0	0	0	0	0	0	0	0	98	174	0	0	0	3	0	0
fsh-generated/resources/StructureDefinition-hiv-measure.json	517	0	0	24	0	0	0	0	0	60	0	0	0	0	0	0	0	1	0	0	0	180	328	0	0	0	6	0	1
fsh-generated/resources/StructureDefinition-hiv-partner-contact.json	1493	1	0	14	0	0	0	0	0	17	0	0	0	0	0	0	0	0	0	0	0	90	160	0	0	0	3	0	0
fsh-generated/resources/StructureDefinition-hiv-positive-confirmed-date.json	1227	0	0	21	0	0	0	0	0	18	0	0	0	0	0	0	0	1	0	0	0	174	250	0	0	0	6	0	1
fsh-generated/resources/StructureDefinition-hiv-positive-confirmed-site.json	1748	1	0	21	0	0	0	0	0	16	0	0	1	0	0	0	0	0	0	0	0	180	252	0	0	0	7	1	0
fsh-generated/resources/StructureDefinition-hiv-prevention-services.json	1755	1	0	18	0	0	0	0	0	17	0	0	0	0	0	0	0	1	0	0	0	177	236	0	0	0	7	0	1
fsh-generated/resources/StructureDefinition-hiv-retest-risk-assessment.json	3708	0	0	31	0	0	0	0	0	25	0	0	0	0	0	0	0	1	0	0	0	284	336	0	0	0	8	0	0
fsh-generated/resources/StructureDefinition-hiv-self-test-history.json	2448	1	0	17	1	0	0	0	0	14	0	0	0	0	0	0	0	0	0	0	0	188	250	0	0	0	6	0	1
fsh-generated/resources/StructureDefinition-hiv-self-test-result.json	2451	1	0	16	0	0	0	0	1	12	0	0	0	0	0	0	0	1	0	0	0	188	249	0	0	0	9	0	0
fsh-generated/resources/StructureDefinition-hiv-serotype-observation.json	1449	0	0	19	0	0	0	0	0	10	0	0	0	0	0	0	0	0	0	0	0	175	302	0	0	0	7	0	1
fsh-generated/resources/StructureDefinition-hiv-status.json	1293	1	0	20	0	0	0	0	0	11	0	0	0	0	0	0	0	1	0	0	0	173	236	0	0	0	6	0	0
fsh-generated/resources/StructureDefinition-hiv-test-conducted-boolean.json	1528	0	0	20	0	0	0	0	0	11	0	0	0	0	0	0	0	0	0	0	0	175	226	0	0	0	6	0	1
fsh-generated/resources/StructureDefinition-hiv-test-ordered-boolean.json	1516	1	0	16	0	0	0	0	0	10	0	0	0	0	0	0	0	1	0	0	0	176	224	0	0	0	6	0	0
fsh-generated/resources/StructureDefinition-hiv-test-result-observation.json	1362	0	0	74	0	0	0	0	0	10	0	0	1	0	0	0	0	0	0	0	0	175	227	0	0	0	6	0	1
fsh-generated/resources/StructureDefinition-hiv-test-result.json	1237	1	0	26	0	0	0	0	0	13	0	0	0	0	0	0	0	1	0	0	0	172	228	0	0	0	5	0	0
fsh-generated/resources/StructureDefinition-hiv-test-sent-date.json	1517	1	0	22	0	0	0	0	0	11	0	0	0	0	0	0	0	0	0	0	0	176	243	0	0	0	6	0	0
fsh-generated/resources/StructureDefinition-hiv-test-type-observation.json	1628	0	0	22	0	0	0	0	0	17	0	0	0	0	0	0	0	1	0	0	0	177	261	0	0	0	6	0	1
fsh-generated/resources/StructureDefinition-hiv-testing-encounter.json	3402	1	0	27	0	0	0	0	0	24	0	0	0	0	0	0	0	1	0	0	0	229	361	0	0	0	7	0	0
fsh-generated/resources/StructureDefinition-hiv-transmission-route.json	1388	1	0	25	0	0	0	0	0	18	0	0	0	0	0	0	0	0	0	0	0	175	242	0	0	0	6	0	1
fsh-generated/resources/StructureDefinition-hsv-test-type-observation.json	2794	1	0	24	0	0	0	0	0	21	0	0	0	0	0	0	0	1	0	0	0	224	289	0	0	0	7	0	0
fsh-generated/resources/StructureDefinition-infant-breastfeeding-status.json	2407	1	0	22	0	0	0	0	0	19	0	0	0	0	0	0	0	1	0	0	0	225	243	0	0	0	6	1	1
fsh-generated/resources/StructureDefinition-ipv-clinical-enquiry.json	1625	1	0	20	0	0	0	0	0	18	0	0	0	0	0	0	0	0	0	0	0	177	224	0	0	0	9	0	0
fsh-generated/resources/StructureDefinition-ipv-enquiry-result.json	2759	1	0	22	0	0	0	0	0	22	0	0	0	0	0	0	0	1	0	0	0	225	271	0	0	0	10	0	1
fsh-generated/resources/StructureDefinition-key-population-membership.json	2475	1	0	17	1	0	0	0	0	19	0	0	1	0	0	0	0	0	0	0	0	187	240	0	0	0	9	0	0
fsh-generated/resources/StructureDefinition-key-population-type.json	2538	1	0	21	0	0	0	0	0	19	0	0	0	0	0	0	0	1	0	0	0	189	265	0	0	0	7	0	0
fsh-generated/resources/StructureDefinition-mycoplasma-genitalium-test-type-observation.json	3655	1	0	32	0	0	0	0	1	68	0	0	0	0	0	0	0	1	0	0	0	269	367	0	0	0	8	0	1
fsh-generated/resources/StructureDefinition-neisseria-gonorrhoeae-test-type-observation.json	3629	0	0	28	0	0	0	0	0	27	0	0	0	0	1	0	0	0	0	0	0	267	305	0	0	0	8	0	1
fsh-generated/resources/StructureDefinition-occupation.json	1676	1	0	4	0	0	0	0	0	7	0	0	0	0	0	0	0	0	0	0	0	39	106	0	0	0	1	0	0
fsh-generated/resources/StructureDefinition-offered-vps-observation.json	1390	1	0	20	0	0	0	0	0	18	0	0	0	0	0	0	0	1	0	0	0	176	232	0	0	0	6	0	0
fsh-generated/resources/StructureDefinition-other-clinical-services.json	1712	0	0	23	0	0	0	0	0	18	0	0	0	0	0	0	0	1	0	0	0	178	226	0	0	0	6	0	0
fsh-generated/resources/StructureDefinition-other-support-services.json	1687	1	0	21	0	0	0	0	0	18	0	0	0	0	0	0	0	0	0	0	0	177	225	0	0	0	5	0	1
fsh-generated/resources/StructureDefinition-partner-contacts-count.json	1476	0	0	20	0	0	0	0	0	16	0	0	0	0	0	0	0	1	0	0	0	169	225	0	0	0	6	0	0
fsh-generated/resources/StructureDefinition-partner-hiv-status.json	2485	1	0	20	0	0	0	0	0	14	0	0	0	0	0	0	0	0	0	0	0	187	247	0	0	0	7	0	1
fsh-generated/resources/StructureDefinition-partner-hiv-test-conducted.json	1217	1	0	21	0	0	0	1	0	14	0	0	0	0	0	0	0	1	0	0	0	175	251	0	0	0	5	0	0
fsh-generated/resources/StructureDefinition-partner-hiv-test-date.json	1198	0	0	20	0	0	0	0	0	11	0	0	0	0	0	0	0	0	0	0	0	174	287	0	0	0	6	0	1
fsh-generated/resources/StructureDefinition-partner-hiv-test-ordered.json	1209	1	0	20	1	0	0	0	0	12	0	0	0	0	0	0	0	1	0	0	0	172	230	0	0	0	6	0	0
fsh-generated/resources/StructureDefinition-partner-hiv-test-result.json	1351	1	0	21	0	0	0	0	0	12	0	0	0	0	0	0	0	0	0	0	0	173	229	0	0	0	6	0	0
fsh-generated/resources/StructureDefinition-partner-notification-observation.json	1237	0	0	20	0	0	0	0	0	10	0	0	1	0	0	0	0	1	0	0	0	169	231	0	0	0	7	0	1
fsh-generated/resources/StructureDefinition-partner-on-art.json	1170	1	0	20	0	0	0	0	0	11	0	0	0	0	0	0	0	1	0	0	0	174	238	0	0	0	6	0	0
fsh-generated/resources/StructureDefinition-partner-risk-category.json	2584	0	0	20	0	0	0	0	0	13	0	0	0	0	0	0	0	0	0	0	0	188	243	0	0	0	6	0	1
fsh-generated/resources/StructureDefinition-partner-services-accepted.json	1431	1	0	20	0	0	0	0	0	11	0	0	0	0	0	0	0	1	0	0	0	172	228	0	1	0	5	0	0
fsh-generated/resources/StructureDefinition-partner-services-offered.json	1419	1	0	17	0	0	0	0	0	13	0	0	0	0	0	0	0	0	0	0	0	174	228	0	0	0	7	0	0
fsh-generated/resources/StructureDefinition-partner-services-referral.json	1564	0	0	3	0	0	0	0	0	4	0	0	0	0	0	0	0	0	0	0	0	37	103	0	0	0	1	0	0
fsh-generated/resources/StructureDefinition-partner-viral-suppression.json	1222	1	0	21	0	0	0	0	0	20	0	0	0	0	0	0	0	1	0	0	0	172	285	0	0	0	6	0	1
fsh-generated/resources/StructureDefinition-preferred-contact-method.json	1875	0	0	5	0	0	0	0	0	5	0	0	0	0	0	0	0	0	0	0	0	42	112	0	0	0	1	0	0
fsh-generated/resources/StructureDefinition-pregnancy-status-observation.json	2384	1	0	29	0	0	0	0	0	12	0	0	0	0	0	0	0	1	0	0	0	190	237	0	0	0	6	0	0
fsh-generated/resources/StructureDefinition-prep-dosing-type.json	2199	1	0	75	0	0	0	0	1	23	0	0	0	0	0	0	0	0	0	0	0	223	262	0	0	0	7	0	1
fsh-generated/resources/StructureDefinition-prep-encounter.json	1445	0	0	24	0	0	0	0	0	19	0	0	0	0	0	0	0	1	0	0	0	185	240	0	0	0	5	0	0
fsh-generated/resources/StructureDefinition-prep-visit-observation.json	1611	1	0	24	1	0	0	0	0	10	0	0	0	0	0	0	0	0	0	0	0	165	217	0	0	0	6	0	1
fsh-generated/resources/StructureDefinition-prep-visit-reason.json	1271	0	0	4	0	0	0	0	0	3	0	0	0	0	0	0	0	0	0	0	0	35	98	0	0	0	1	0	0
fsh-generated/resources/StructureDefinition-reporting-hierarchy-extension.json	2550	2	0	5	0	0	0	0	0	218	0	0	0	0	0	0	0	1	0	0	0	79	135	0	0	0	1	0	0
fsh-generated/resources/StructureDefinition-reporting-hierarchy-id-extension.json	1316	1	0	3	0	0	0	0	0	5	0	0	0	0	0	0	0	0	0	0	0	34	100	0	0	0	1	0	0
fsh-generated/resources/StructureDefinition-srh-integrated-services.json	1751	1	0	35	0	0	0	0	0	10	0	0	0	0	0	0	0	0	0	0	0	178	233	0	0	0	6	0	0
fsh-generated/resources/StructureDefinition-sti-result-observation.json	4395	2	0	38	0	0	0	0	0	18	0	0	1	0	0	0	0	1	0	0	0	271	306	0	0	0	8	0	1
fsh-generated/resources/StructureDefinition-sti-syndrome-observation.json	3718	1	0	40	0	0	0	0	0	16	0	0	0	0	0	0	0	1	0	0	0	337	383	0	0	0	8	1	0
fsh-generated/resources/StructureDefinition-sti-testing-observation.json	5790	2	0	43	0	0	0	0	0	24	0	0	0	0	0	0	0	0	0	0	0	401	409	0	0	0	11	0	1
fsh-generated/resources/StructureDefinition-suspected-hiv-exposure-observation.json	1238	1	0	19	0	0	0	0	0	10	0	0	0	0	0	0	0	1	0	0	0	164	214	0	0	0	6	0	1
fsh-generated/resources/StructureDefinition-suspected-hiv-exposure.json	2333	0	0	20	0	0	0	0	0	12	0	0	0	0	0	0	0	0	0	0	0	184	243	0	0	0	6	0	0
fsh-generated/resources/StructureDefinition-syphilis-test-type-observation.json	2760	1	0	26	1	0	0	0	0	13	0	0	0	0	1	0	0	1	0	0	0	226	268	0	0	0	7	0	1
fsh-generated/resources/StructureDefinition-syphilis-testing-treatment-observation.json	4813	2	0	36	0	0	0	0	0	19	0	0	0	0	0	0	0	1	0	0	0	345	367	0	0	0	9	0	0
fsh-generated/resources/StructureDefinition-trichomonas-vaginalis-test-type-observation.json	3629	2	0	27	0	0	0	0	0	17	0	0	0	0	0	0	0	0	0	0	0	268	349	0	0	0	8	0	1
fsh-generated/resources/StructureDefinition-vmmc-adverse-event-observation.json	7036	2	0	51	0	0	0	0	0	26	0	0	1	0	0	0	0	1	0	0	0	469	458	0	0	0	12	0	1
fsh-generated/resources/StructureDefinition-vmmc-procedure-date-observation.json	1766	1	0	21	0	0	0	0	0	10	0	0	0	0	0	0	0	0	0	0	0	182	228	0	0	0	6	0	0
fsh-generated/resources/StructureDefinition-vmmc-procedure-observation.json	1773	1	0	27	0	0	0	0	0	57	0	0	0	0	0	0	0	1	0	0	0	182	225	0	0	0	10	0	1
fsh-generated/resources/StructureDefinition-young-woman-indicator.json	2399	1	0	19	0	0	0	0	1	11	0	0	0	0	0	0	0	0	0	0	0	188	234	0	0	0	6	0	0
fsh-generated/resources/ValueSet-EthiopiaStateVS.json	446	1	0	0	0	0	0	0	0	69	0	0	0	0	0	0	0	0	0	0	0	10	150	0	0	0	1	0	0
fsh-generated/resources/ValueSet-chlamydia-trachomatis-test-type-vs.json	519	0	0	0	0	0	0	0	0	2	0	0	0	0	0	0	0	0	0	0	0	8	48	0	0	0	0	0	0
fsh-generated/resources/ValueSet-community-entry-point-vs.json	459	1	0	0	0	0	0	0	0	2	0	0	0	0	0	0	0	0	0	0	0	9	45	0	0	0	0	0	0
fsh-generated/resources/ValueSet-counselling-provided-vs.json	393	0	0	0	0	0	0	0	0	1	0	0	0	0	0	0	0	0	0	0	0	8	45	0	0	0	0	0	0
fsh-generated/resources/ValueSet-education-status-vs.json	466	1	0	0	0	0	0	0	0	1	0	0	0	0	0	0	0	0	0	0	0	10	46	0	0	0	0	0	0
fsh-generated/resources/ValueSet-exposure-source-vs.json	371	1	0	0	0	0	0	0	0	0	0	0	0	0	0	0	0	0	0	0	0	9	42	0	0	0	0	0	0
fsh-generated/resources/ValueSet-facility-entry-point-vs.json	447	0	0	0	0	0	0	0	1	2	0	0	0	0	0	0	0	0	0	0	0	9	39	0	0	0	0	0	0
fsh-generated/resources/ValueSet-follow-up-type-vs.json	354	1	0	0	0	0	0	0	0	1	0	0	0	0	0	0	0	0	0	0	0	8	40	0	0	0	0	0	0
fsh-generated/resources/ValueSet-gender-vs.json	583	0	0	0	0	0	0	0	0	3	0	0	0	0	0	0	0	0	0	0	0	9	38	0	0	0	1	0	0
fsh-generated/resources/ValueSet-gonorrhoea-specimen-type-vs.json	403	1	0	0	0	0	0	0	0	1	0	0	0	0	0	0	0	0	0	0	0	8	38	0	0	0	0	0	0
fsh-generated/resources/ValueSet-gonorrhoea-test-result-vs.json	393	0	0	0	0	0	0	0	0	1	0	0	0	0	0	0	0	0	0	0	0	8	41	0	0	0	0	0	0
fsh-generated/resources/ValueSet-hiv-adherence-vs.json	416	1	0	0	1	0	0	0	0	0	0	0	0	0	0	0	0	0	0	0	0	7	39	0	0	0	0	0	0
fsh-generated/resources/ValueSet-hiv-assay-number-vs.json	440	1	0	0	0	0	0	0	0	1	0	0	0	0	0	0	0	0	0	0	0	8	38	0	0	0	0	0	0
fsh-generated/resources/ValueSet-hiv-assay-result-vs.json	418	0	0	0	0	0	0	0	0	1	0	0	0	0	0	0	0	0	0	0	0	8	37	0	0	0	0	0	0
fsh-generated/resources/ValueSet-hiv-condition-vs.json	438	0	0	0	0	0	0	0	1	1	0	0	0	0	0	0	0	0	0	0	0	8	39	0	0	0	0	0	0
fsh-generated/resources/ValueSet-hiv-exposure-ways-vs.json	435	1	0	0	0	0	0	0	0	1	0	0	0	0	0	0	0	0	0	0	0	8	35	0	0	0	0	0	0
fsh-generated/resources/ValueSet-hiv-prevention-services-vs.json	421	0	0	0	0	0	0	0	0	1	0	0	0	0	0	0	0	0	0	0	0	7	36	0	0	0	0	0	0
fsh-generated/resources/ValueSet-hiv-self-test-result-vs.json	391	0	0	0	0	0	0	0	0	1	0	0	0	0	0	0	0	0	0	0	0	8	102	0	0	0	0	0	0
fsh-generated/resources/ValueSet-hiv-serotype-vs.json	401	1	0	0	0	0	0	0	0	1	0	0	0	0	0	0	0	0	0	0	0	8	36	0	0	0	1	0	0
fsh-generated/resources/ValueSet-hiv-status-vs.json	309	0	0	0	0	0	0	0	0	2	0	0	0	0	0	0	0	0	0	0	0	8	33	0	0	0	0	0	0
fsh-generated/resources/ValueSet-hiv-test-result-vs.json	328	0	0	0	0	0	0	0	0	1	0	0	0	0	0	0	0	0	0	0	0	7	34	0	0	0	0	0	0
fsh-generated/resources/ValueSet-hiv-test-type-vs.json	402	1	0	0	0	0	0	0	0	1	0	0	0	0	0	0	0	0	0	0	0	8	43	0	0	0	0	0	0
fsh-generated/resources/ValueSet-hiv-testing-entry-point-vs.json	471	0	0	0	0	0	0	0	1	1	0	0	0	0	0	0	0	0	0	0	0	8	47	0	0	0	0	0	0
fsh-generated/resources/ValueSet-hiv-testing-reason-vs.json	426	0	0	0	0	0	0	0	0	1	0	0	0	0	0	0	0	0	0	0	0	8	45	0	0	0	0	0	0
fsh-generated/resources/ValueSet-hiv-transmission-route-vs.json	356	1	0	0	0	0	0	0	0	1	0	0	0	0	0	0	0	0	0	0	0	8	41	0	0	0	0	0	0
fsh-generated/resources/ValueSet-hsv-test-type-vs.json	452	0	0	0	0	0	0	0	0	1	0	0	0	0	0	0	0	0	0	0	0	7	39	0	0	0	0	0	0
fsh-generated/resources/ValueSet-hts-service-vs.json	416	0	0	0	0	0	0	0	0	1	0	0	0	0	1	0	0	0	0	0	0	8	47	0	0	0	0	0	0
fsh-generated/resources/ValueSet-ipv-enquiry-result-vs.json	382	0	0	0	0	0	0	0	0	1	0	0	0	0	0	0	0	0	0	0	0	8	38	0	0	0	0	0	0
fsh-generated/resources/ValueSet-key-population-type-vs.json	387	1	0	0	0	0	0	0	0	1	0	0	0	0	0	0	0	1	0	0	0	7	42	0	0	0	1	0	0
fsh-generated/resources/ValueSet-marital-status-vs.json	800	0	0	0	0	0	0	0	1	2	0	0	0	0	0	0	0	0	0	0	0	10	43	0	0	0	0	0	0
fsh-generated/resources/ValueSet-mycoplasma-genitalium-test-type-vs.json	519	0	0	0	0	0	0	0	0	2	0	0	0	0	0	0	0	0	0	0	0	8	31	0	0	0	0	0	0
fsh-generated/resources/ValueSet-neisseria-gonorrhoeae-test-type-vs.json	519	1	0	0	0	0	0	0	0	1	0	0	0	0	0	0	0	0	0	0	0	8	32	0	0	0	0	0	0
fsh-generated/resources/ValueSet-occupation-vs.json	431	0	0	0	1	0	0	0	0	1	0	0	0	0	0	0	0	0	0	1	0	8	38	0	0	0	0	0	0
fsh-generated/resources/ValueSet-other-clinical-services-vs.json	415	1	0	0	0	0	0	0	0	1	0	0	0	0	0	0	0	0	0	0	0	8	39	0	0	0	0	0	0
fsh-generated/resources/ValueSet-other-support-services-vs.json	402	0	0	0	0	0	0	0	0	1	0	0	0	0	0	0	0	0	0	0	0	7	39	0	0	0	0	0	0
fsh-generated/resources/ValueSet-partner-contact-type-vs.json	392	1	0	0	0	0	0	0	0	1	0	0	0	0	0	0	0	0	0	0	0	8	40	0	0	0	0	0	0
fsh-generated/resources/ValueSet-partner-risk-category-vs.json	402	0	0	0	0	0	0	0	0	1	0	0	0	0	0	0	0	0	0	0	0	8	38	0	0	0	0	0	0
fsh-generated/resources/ValueSet-partner-services-referral-vs.json	417	0	0	0	0	0	0	0	0	1	0	0	0	0	0	0	0	0	0	0	0	8	39	0	0	0	1	0	0
fsh-generated/resources/ValueSet-preferred-contact-method-vs.json	405	1	0	0	0	0	0	0	0	1	0	0	0	0	0	0	0	0	0	0	0	8	38	0	0	0	0	0	0
fsh-generated/resources/ValueSet-prep-dosing-type-vs.json	372	0	0	0	0	0	0	0	0	1	0	0	0	0	0	0	0	0	0	0	0	7	37	0	0	0	0	0	0
fsh-generated/resources/ValueSet-prep-visit-interval-vs.json	387	1	0	0	0	0	0	0	1	1	0	0	0	0	0	0	0	0	0	0	0	9	35	0	0	0	0	0	0
fsh-generated/resources/ValueSet-prep-visit-reason-vs.json	377	0	0	0	0	0	0	0	0	1	0	0	0	0	0	0	0	0	0	0	0	7	38	0	0	0	0	0	0
fsh-generated/resources/ValueSet-srh-integrated-services-vs.json	434	0	0	0	0	0	0	0	0	1	0	0	0	0	0	0	0	0	0	0	0	8	39	0	0	0	0	0	0
fsh-generated/resources/ValueSet-sti-result-vs.json	399	1	0	0	0	0	0	0	0	1	0	0	0	0	0	0	0	0	0	0	0	8	35	0	0	0	1	0	0
fsh-generated/resources/ValueSet-sti-syndrome-vs.json	363	0	0	0	0	0	0	0	0	1	0	0	0	0	0	0	0	0	0	0	0	8	34	0	0	0	0	0	0
fsh-generated/resources/ValueSet-sti-test-type-vs.json	349	0	0	0	0	0	0	0	0	1	0	0	0	0	0	0	0	0	0	0	0	7	30	0	0	0	0	0	0
fsh-generated/resources/ValueSet-syphilis-confirmatory-test-type-vs.json	513	1	0	0	0	0	0	0	0	1	0	0	0	0	0	0	0	0	0	0	0	8	28	0	0	0	0	0	0
fsh-generated/resources/ValueSet-syphilis-test-result-vs.json	383	0	0	0	0	0	0	0	0	2	0	0	0	0	0	0	0	0	0	0	0	8	30	0	0	0	0	0	0
fsh-generated/resources/ValueSet-syphilis-test-type-vs.json	437	0	0	0	1	0	0	0	0	1	0	0	0	0	0	0	0	0	0	0	0	9	32	0	0	0	0	0	0
fsh-generated/resources/ValueSet-trichomonas-vaginalis-test-type-vs.json	519	1	0	0	0	0	0	0	0	2	0	0	0	0	0	0	0	0	0	0	0	8	34	0	0	0	1	0	0
fsh-generated/resources/ValueSet-vmmc-adverse-event-severity-vs.json	417	0	0	0	0	0	0	0	0	1	0	0	0	0	0	0	0	0	0	0	0	7	36	0	0	0	0	0	0
fsh-generated/resources/ValueSet-vmmc-adverse-event-timing-vs.json	410	1	0	0	0	0	0	0	0	1	0	0	0	0	0	0	0	0	0	0	0	8	36	0	0	0	0	0	0
/input/includes/dmn2html.xslt	6208	-	-	-	0	0	0	0	0	0	0	0	0	0	0	0	0	0	0	0	0	0	0	0	0	0	0	0	0
/input/includes/dmn.css	838	-	-	-	0	0	0	0	0	0	0	0	0	0	0	0	0	0	0	0	0	0	1	0	0	0	0	0	0
/fsh-generated/includes/menu.xml	4043	-	-	-	0	0	0	0	0	0	0	0	0	0	0	0	0	0	0	0	0	0	0	0	0	0	0	0	0
/fsh-generated/includes/fsh-link-references.md	15596	-	-	-	0	0	0	0	0	0	0	0	0	0	0	0	0	0	0	0	0	0	2	0	0	0	0	0	0
/input/data/features.yaml	84	-	-	-	0	0	0	0	0	0	0	0	0	0	0	0	0	0	0	0	0	0	0	0	0	0	0	0	0
/input/pagecontent/system-actors.md	1367	-	-	-	0	0	0	0	0	0	0	0	0	0	0	0	0	0	0	0	0	0	1	0	0	0	0	0	0
/input/pagecontent/codings.md	687	-	-	-	0	0	0	0	0	0	0	0	0	0	0	0	0	0	0	0	0	0	0	0	0	0	0	0	0
/input/pagecontent/security-privacy.md	409	-	-	-	0	0	0	0	0	0	0	0	0	0	0	0	0	0	0	0	0	0	0	0	0	0	0	0	0
/input/pagecontent/trust_domain_use_cases.md	0	-	-	-	0	0	0	0	0	0	0	0	0	0	0	0	0	0	0	0	0	0	0	0	0	0	0	0	0
/input/pagecontent/test-data.md	350	-	-	-	0	0	0	0	0	0	0	0	0	0	0	0	0	0	0	0	0	0	0	0	0	0	0	0	0
/input/pagecontent/concepts.md	7110	-	-	-	0	0	0	0	0	0	0	0	0	0	0	0	0	0	0	0	0	0	1	0	0	0	0	0	0
/input/pagecontent/sequence-diagrams.md	75	-	-	-	0	0	0	0	0	0	0	0	0	0	0	0	0	0	0	0	0	0	0	0	0	0	0	0	0
/input/pagecontent/ValueSet-hiv-exposure-ways-vs.md	233	-	-	-	0	0	0	0	0	0	0	0	0	0	0	0	0	0	0	0	0	0	0	0	0	0	0	0	0
/input/pagecontent/ValueSet-hiv-test-result-vs.md	186	-	-	-	0	0	0	0	0	0	0	0	0	0	0	0	0	0	0	0	0	0	1	0	0	0	0	0	0
/input/pagecontent/ValueSet-hiv-testing-entry-point-vs.md	252	-	-	-	0	0	0	0	0	0	0	0	0	0	0	0	0	0	0	0	0	0	0	0	0	0	0	0	0
/input/pagecontent/ValueSet-education-status-vs.md	266	-	-	-	0	0	0	0	0	0	0	0	0	0	0	0	0	0	0	0	0	0	0	0	0	0	0	0	0
/input/pagecontent/system-requirements.md	147	-	-	-	0	0	0	0	0	0	0	0	0	0	0	0	0	0	0	0	0	0	0	0	0	0	0	0	0
/input/pagecontent/ValueSet-prep-visit-interval-vs.md	200	-	-	-	0	0	0	0	0	0	0	0	0	0	0	0	0	0	0	0	0	0	0	0	0	0	0	0	0
/input/pagecontent/testing.md	2668	-	-	-	0	0	0	0	0	0	0	0	0	0	0	0	0	0	0	0	0	0	0	0	0	0	0	0	0
/input/pagecontent/ValueSet-EthiopiaStateVS.md	255	-	-	-	0	0	0	0	0	0	0	0	0	0	0	0	0	0	0	0	0	0	1	0	0	0	0	0	0
/input/pagecontent/ValueSet-prep-visit-reason-vs.md	196	-	-	-	0	0	0	0	0	0	0	0	0	0	0	0	0	0	0	0	0	0	0	0	0	0	0	0	0
/input/pagecontent/deployment.md	0	-	-	-	0	0	0	0	0	0	0	0	0	0	0	0	0	0	0	0	0	0	0	0	0	0	0	0	0
/input/pagecontent/ValueSet-community-entry-point-vs.md	239	-	-	-	0	0	0	0	0	0	0	0	0	0	0	0	0	0	0	0	0	0	0	0	0	0	0	0	0
/input/pagecontent/ValueSet-vmmc-adverse-event-timing-vs.md	206	-	-	-	0	0	0	0	0	0	0	0	0	0	0	0	0	0	0	0	0	0	0	0	0	0	0	0	0
/input/pagecontent/ValueSet-ipv-enquiry-result-vs.md	189	-	-	-	0	0	0	0	0	0	0	0	0	0	0	0	0	0	0	0	0	0	0	0	0	0	0	0	0
/input/pagecontent/ValueSet-sti-result-vs.md	217	-	-	-	0	0	0	0	0	0	0	0	0	0	0	0	0	0	0	0	0	0	0	0	0	0	0	0	0
/input/pagecontent/indicators.md	2558	-	-	-	0	0	0	0	0	0	0	0	0	0	0	0	0	0	0	0	0	0	1	0	0	0	0	0	0
/input/pagecontent/ValueSet-counselling-provided-vs.md	193	-	-	-	0	0	0	0	0	0	0	0	0	0	0	0	0	0	0	0	0	0	0	0	0	0	0	0	0
/input/pagecontent/ValueSet-hiv-serotype-vs.md	204	-	-	-	0	0	0	0	0	0	0	0	0	0	0	0	0	0	0	0	0	0	0	0	0	0	0	0	0
/input/pagecontent/ValueSet-other-support-services-vs.md	197	-	-	-	0	0	0	0	0	0	0	0	0	0	0	0	0	0	0	0	0	0	0	0	0	0	0	0	0
/input/pagecontent/ValueSet-prep-dosing-type-vs.md	194	-	-	-	0	0	0	0	0	0	0	0	0	0	0	0	0	0	0	0	0	0	0	0	0	0	0	0	0
/input/pagecontent/ValueSet-facility-entry-point-vs.md	236	-	-	-	0	0	0	0	0	0	0	0	0	0	0	0	0	0	0	0	0	0	0	0	0	0	0	0	0
/input/pagecontent/trust_domain_policy.md	0	-	-	-	0	0	0	0	0	0	0	0	0	0	0	0	0	0	0	0	0	0	0	0	0	0	0	0	0
/input/pagecontent/ValueSet-hiv-testing-reason-vs.md	221	-	-	-	0	0	0	0	0	0	0	0	0	0	0	0	0	0	0	0	0	0	0	0	0	0	0	0	0
/input/pagecontent/ValueSet-hiv-assay-number-vs.md	232	-	-	-	0	0	0	0	0	0	0	0	0	0	0	0	0	0	0	0	0	0	1	0	0	0	0	0	0
/input/pagecontent/ValueSet-syphilis-confirmatory-test-type-vs.md	270	-	-	-	0	0	0	0	0	0	0	0	0	0	0	0	0	0	0	0	0	0	0	0	0	0	0	0	0
/input/pagecontent/personas.md	878	-	-	-	0	0	0	0	0	0	0	0	0	0	0	0	0	0	0	0	0	0	0	0	0	0	0	0	1
/input/pagecontent/trust_domain.md	173	-	-	-	0	0	0	0	0	0	0	0	0	0	0	0	0	0	0	0	0	0	0	0	0	0	0	0	0
/input/pagecontent/ValueSet-key-population-type-vs.md	200	-	-	-	0	0	0	0	0	0	0	0	0	0	0	0	0	0	0	0	0	0	0	0	0	0	0	0	0
/input/pagecontent/ValueSet-hiv-adherence-vs.md	228	-	-	-	0	0	0	0	0	0	0	0	0	0	0	0	0	0	0	0	0	0	0	0	0	0	0	0	0
/input/pagecontent/ValueSet-syphilis-test-result-vs.md	193	-	-	-	0	0	0	0	0	0	0	0	0	0	0	0	0	0	0	0	0	0	0	0	0	0	0	0	0
/input/pagecontent/ValueSet-neisseria-gonorrhoeae-test-type-vs.md	276	-	-	-	0	0	0	0	0	0	0	0	0	0	0	0	0	0	0	0	0	0	1	0	0	0	0	0	0
/input/pagecontent/ValueSet-trichomonas-vaginalis-test-type-vs.md	276	-	-	-	0	0	0	0	0	0	0	0	0	0	0	0	0	0	0	0	0	0	0	0	0	0	0	0	0
/input/pagecontent/ValueSet-exposure-source-vs.md	195	-	-	-	0	0	0	0	0	0	0	0	0	0	0	0	0	0	0	0	0	0	0	0	0	0	0	0	0
/input/pagecontent/ValueSet-gender-vs.md	208	-	-	-	0	0	0	0	0	0	0	0	0	0	0	0	0	0	0	0	0	0	0	0	0	0	0	0	0
/input/pagecontent/ValueSet-srh-integrated-services-vs.md	226	-	-	-	0	0	0	0	0	0	0	0	0	0	0	0	0	0	0	0	0	0	0	0	0	0	0	0	0
/input/pagecontent/indicators-measures.md	659	-	-	-	0	0	0	0	0	0	0	0	0	0	0	0	0	0	0	0	0	0	0	0	0	0	0	0	0
/input/pagecontent/ValueSet-hiv-assay-result-vs.md	210	-	-	-	0	0	0	0	0	0	0	0	0	0	0	0	0	0	0	0	0	0	0	0	0	0	0	0	0
/input/pagecontent/references.md	1722	-	-	-	0	0	0	0	0	0	0	0	0	0	0	0	0	0	0	0	0	0	1	0	0	0	0	0	0
/input/pagecontent/ValueSet-hiv-prevention-services-vs.md	213	-	-	-	0	0	0	0	0	0	0	0	0	0	0	0	0	0	0	0	0	0	0	0	0	0	0	0	0
/input/pagecontent/index-dak.md	2578	-	-	-	0	0	0	0	0	0	0	0	0	0	0	0	0	0	0	0	0	0	0	0	0	0	0	0	0
/input/pagecontent/ValueSet-occupation-vs.md	248	-	-	-	0	0	0	0	0	0	0	0	0	0	0	0	0	0	0	0	0	0	0	0	0	0	0	0	0
/input/pagecontent/business-requirements.md	1245	-	-	-	0	0	0	0	0	0	0	0	0	0	0	0	0	0	0	0	0	0	0	0	0	0	0	0	0
/input/pagecontent/ValueSet-hts-service-vs.md	231	-	-	-	0	0	0	0	0	0	0	0	0	0	0	0	0	0	0	0	0	0	0	0	0	0	0	0	0
/input/pagecontent/data-models-and-exchange.md	3567	-	-	-	0	0	0	0	0	0	0	0	0	0	0	0	0	0	0	0	0	0	1	0	0	0	0	0	0
/input/pagecontent/license.md	3787	-	-	-	0	0	0	0	0	0	0	0	0	0	0	0	0	0	0	0	0	0	0	0	0	0	0	0	0
/input/pagecontent/ValueSet-preferred-contact-method-vs.md	211	-	-	-	0	0	0	0	0	0	0	0	0	0	0	0	0	0	0	0	0	0	0	0	0	0	0	0	0
/input/pagecontent/ValueSet-vmmc-adverse-event-severity-vs.md	207	-	-	-	0	0	0	0	0	0	0	0	0	0	0	0	0	0	0	0	0	0	0	0	0	0	0	0	0
/input/pagecontent/business-processes.md	2200	-	-	-	0	0	0	0	0	0	0	0	0	0	0	0	0	0	0	0	0	0	0	0	0	0	0	0	0
/input/pagecontent/reference-implementations.md	397	-	-	-	0	0	0	0	0	0	0	0	0	0	0	0	0	0	0	0	0	0	1	0	0	0	0	0	0
/input/pagecontent/decision-logic.md	1134	-	-	-	0	0	0	0	0	0	0	0	0	0	0	0	0	0	0	0	0	0	0	0	0	0	0	0	0
/input/pagecontent/scenarios.md	4789	-	-	-	0	0	0	0	0	0	0	0	0	0	0	0	0	0	0	0	0	0	0	0	0	0	0	0	0
/input/pagecontent/dictionary.md	608	-	-	-	0	0	0	0	0	0	0	0	0	0	0	0	0	0	0	0	0	0	0	0	0	0	0	0	0
/input/pagecontent/indices.md	0	-	-	-	0	0	0	0	0	0	0	0	0	0	0	0	0	0	0	0	0	0	1	0	0	0	0	0	0
/input/pagecontent/transactions.md	325	-	-	-	0	0	0	0	0	0	0	0	0	0	0	0	0	0	0	0	0	0	0	0	0	0	0	0	0
/input/pagecontent/ValueSet-follow-up-type-vs.md	182	-	-	-	0	0	0	0	0	0	0	0	0	0	0	0	0	0	0	0	0	0	0	0	0	0	0	0	0
/input/pagecontent/ValueSet-mycoplasma-genitalium-test-type-vs.md	276	-	-	-	0	0	0	0	0	0	0	0	0	0	0	0	0	0	0	0	0	0	0	0	0	0	0	0	0
/input/pagecontent/ValueSet-chlamydia-trachomatis-test-type-vs.md	276	-	-	-	0	0	0	0	0	0	0	0	0	0	0	0	0	0	0	0	0	0	0	0	0	0	0	0	0
/input/pagecontent/ValueSet-hsv-test-type-vs.md	262	-	-	-	0	0	0	0	0	0	0	0	0	0	0	0	0	0	0	0	0	0	0	0	0	0	0	0	0
/input/pagecontent/changes.md	75	-	-	-	0	0	0	0	0	0	0	0	0	0	0	0	0	0	0	0	0	0	0	0	0	0	0	0	0
/input/pagecontent/dependencies.md	917	-	-	-	0	0	0	0	0	0	0	0	0	0	0	0	0	0	0	0	0	0	0	0	0	0	0	0	0
/input/pagecontent/ValueSet-hiv-condition-vs.md	247	-	-	-	0	0	0	0	0	0	0	0	0	0	0	0	0	0	0	0	0	0	0	0	0	0	0	0	0
/input/pagecontent/feedback.md	513	-	-	-	0	0	0	0	0	0	0	0	0	0	0	0	0	0	0	0	0	0	1	0	0	0	0	0	0
/input/pagecontent/ValueSet-hiv-transmission-route-vs.md	200	-	-	-	0	0	0	0	0	0	0	0	0	0	0	0	0	0	0	0	0	0	0	0	0	0	0	0	0
/input/pagecontent/ValueSet-syphilis-test-type-vs.md	232	-	-	-	0	0	0	0	0	0	0	0	0	0	0	0	0	0	0	0	0	0	0	0	0	0	0	0	0
/input/pagecontent/ValueSet-gonorrhoea-specimen-type-vs.md	201	-	-	-	0	0	0	0	0	0	0	0	0	0	0	0	0	0	0	0	0	0	0	0	0	0	0	0	0
/input/pagecontent/functional-requirements.md	535	-	-	-	0	0	0	0	0	0	0	0	0	0	0	0	0	0	0	0	0	0	0	0	0	0	0	0	0
/input/pagecontent/ValueSet-gonorrhoea-test-result-vs.md	197	-	-	-	0	0	0	0	0	0	0	0	0	0	0	0	0	0	0	0	0	0	0	0	0	0	0	0	0
/input/pagecontent/downloads.md	963	-	-	-	0	0	0	0	0	0	0	0	0	0	0	0	0	0	0	0	0	0	1	0	0	0	0	0	0
/input/pagecontent/non-functional-requirements.md	396	-	-	-	0	0	0	0	0	0	0	0	0	0	0	0	0	0	0	0	0	0	0	0	0	0	0	0	0
/input/pagecontent/business-process.md	11	-	-	-	0	0	0	0	0	0	0	0	0	0	0	0	0	0	0	0	0	0	0	0	0	0	0	0	0
/input/pagecontent/ValueSet-partner-services-referral-vs.md	212	-	-	-	0	0	0	0	0	0	0	0	0	0	0	0	0	0	0	0	0	0	0	0	0	0	0	0	0
/input/pagecontent/adapting.md	3653	-	-	-	0	0	0	0	0	0	0	0	0	0	0	0	0	0	0	0	0	0	1	0	0	0	0	0	0
/input/pagecontent/ValueSet-partner-risk-category-vs.md	209	-	-	-	0	0	0	0	0	0	0	0	0	0	0	0	0	0	0	0	0	0	0	0	0	0	0	0	0
/input/pagecontent/index-ig.md	4639	-	-	-	0	0	0	0	0	0	0	0	0	0	0	0	0	0	0	0	0	0	0	0	0	0	0	0	0
/input/pagecontent/ValueSet-other-clinical-services-vs.md	207	-	-	-	0	0	0	0	0	0	0	0	0	0	0	0	0	0	0	0	0	0	0	0	0	0	0	0	0
/input/pagecontent/ValueSet-sti-test-type-vs.md	180	-	-	-	0	0	0	0	0	0	0	0	0	0	0	0	0	0	0	0	0	0	1	0	0	0	0	0	0
/input/pagecontent/ValueSet-hiv-status-vs.md	176	-	-	-	0	0	0	0	0	0	0	0	0	0	0	0	0	0	0	0	0	0	0	0	0	0	0	0	0
/input/pagecontent/ValueSet-marital-status-vs.md	232	-	-	-	0	0	0	0	0	0	0	0	0	0	0	0	0	0	0	0	0	0	0	0	0	0	0	0	0
/input/pagecontent/index.md	2362	-	-	-	0	0	0	0	0	0	0	0	0	0	0	0	0	0	0	0	0	0	1	0	0	0	0	0	0
/input/pagecontent/ValueSet-sti-syndrome-vs.md	187	-	-	-	0	0	0	0	0	0	0	0	0	0	0	0	0	0	0	0	0	0	0	0	0	0	0	0	0
/input/pagecontent/maps.md	10	-	-	-	0	0	0	0	0	0	0	0	0	0	0	0	0	0	0	0	0	0	0	0	0	0	0	0	0
/input/pagecontent/ValueSet-partner-contact-type-vs.md	202	-	-	-	0	0	0	0	0	0	0	0	0	0	0	0	0	0	0	0	0	0	0	0	0	0	0	0	0
/input/pagecontent/ValueSet-hiv-test-type-vs.md	203	-	-	-	0	0	0	0	0	0	0	0	0	0	0	0	0	0	0	0	0	0	0	0	0	0	0	0	0
/input/pagecontent/ValueSet-hiv-self-test-result-vs.md	202	-	-	-	0	0	0	0	0	0	0	0	0	0	0	0	0	0	0	0	0	0	1	0	0	0	0	0	0
/input/pagecontent/trust_domain_specifications.md	0	-	-	-	0	0	0	0	0	0	0	0	0	0	0	0	0	0	0	0	0	0	0	0	0	0	0	0	0
/template/config	0	-	-	-	0	0	0	0	0	0	0	0	0	0	0	0	0	0	0	0	0	0	0	0	0	0	0	0	0
/template/config/_config.yml	140	-	-	-	0	0	0	0	0	0	0	0	0	0	0	0	0	0	0	0	0	0	0	0	0	0	0	0	0
/input/images	0	-	-	-	0	0	0	0	0	0	0	0	0	0	0	0	0	0	0	0	0	0	0	0	0	0	0	0	0
/temp/pages/_includes/artifacts.xml	122870	-	-	-	-	-	-	-	-	-	-	-	-	-	-	-	-	-	-	-	-	-	7	0	0	0	0	0	0
